iX;iY;targetX_um;targetY_um;value
0;0;0.0;0.0;31.300261197182277
1;0;0.2;0.0;9.028240503102614
2;0;0.4;0.0;28.155204069845762
3;0;0.6000000000000001;0.0;12.332542469420094
4;0;0.8;0.0;54.43984249916593
5;0;1.0;0.0;35.88446997565181
6;0;1.2000000000000002;0.0;30.556641727223578
7;0;1.4000000000000001;0.0;76.84714460671196
8;0;1.6;0.0;34.17501045240186
9;0;1.8;0.0;54.50210296428254
10;0;2.0;0.0;3.504498153660096
11;0;2.2;0.0;89.43170559690999
12;0;2.4000000000000004;0.0;65.65054278466421
13;0;2.6;0.0;58.389967420480716
14;0;2.8000000000000003;0.0;68.85885110616564
15;0;3.0;0.0;34.210175352421146
16;0;3.2;0.0;40.19309004510906
17;0;3.4000000000000004;0.0;93.82872662881393
18;0;3.6;0.0;98.15717794091238
19;0;3.8000000000000003;0.0;37.00470177063073
20;0;4.0;0.0;85.32592172041257
21;0;4.2;0.0;26.942041290432684
22;0;4.4;0.0;83.24427297530694
23;0;4.6000000000000005;0.0;51.75271783716011
24;0;4.800000000000001;0.0;8.122234008345208
25;0;5.0;0.0;97.85967950103336
26;0;5.2;0.0;2.1836099829645517
27;0;5.4;0.0;15.403992180909377
28;0;5.6000000000000005;0.0;64.09658412225238
29;0;5.800000000000001;0.0;19.798109647659366
30;0;6.0;0.0;2.545294444654289
31;0;6.2;0.0;1.606238141905325
32;0;6.4;0.0;92.22004043312194
33;0;6.6000000000000005;0.0;93.10195601917796
34;0;6.800000000000001;0.0;96.87653949663029
35;0;7.0;0.0;54.00786615045452
36;0;7.2;0.0;22.267813234884127
37;0;7.4;0.0;12.809116345886562
38;0;7.6000000000000005;0.0;86.5507437569788
39;0;7.800000000000001;0.0;49.74631297089632
40;0;8.0;0.0;65.86846203320036
41;0;8.200000000000001;0.0;28.519587978140525
42;0;8.4;0.0;75.91798162733387
43;0;8.6;0.0;92.43480096143945
44;0;8.8;0.0;9.477702460498872
45;0;9.0;0.0;11.410515698664236
46;0;9.200000000000001;0.0;20.545168525844147
47;0;9.4;0.0;30.633463364759127
48;0;9.600000000000001;0.0;35.35733078116357
49;0;9.8;0.0;30.10059555407869
50;0;10.0;0.0;82.7606071417626
0;1;0.0;0.1;63.96689023321143
1;1;0.2;0.1;54.64708094785693
2;1;0.4;0.1;76.31669443897326
3;1;0.6000000000000001;0.1;50.03609374881902
4;1;0.8;0.1;17.03485459472496
5;1;1.0;0.1;17.923361221953304
6;1;1.2000000000000002;0.1;57.45354244038231
7;1;1.4000000000000001;0.1;98.44423694126587
8;1;1.6;0.1;64.59914517353612
9;1;1.8;0.1;90.35564462649175
10;1;2.0;0.1;63.37942668005259
11;1;2.2;0.1;43.124928072863945
12;1;2.4000000000000004;0.1;39.832837261621826
13;1;2.6;0.1;34.89301605497066
14;1;2.8000000000000003;0.1;66.47437770500437
15;1;3.0;0.1;45.822967957238006
16;1;3.2;0.1;87.57176412426007
17;1;3.4000000000000004;0.1;7.325652377293778
18;1;3.6;0.1;74.75691165936547
19;1;3.8000000000000003;0.1;57.9586615422768
20;1;4.0;0.1;69.54442013648047
21;1;4.2;0.1;46.01364120336753
22;1;4.4;0.1;91.8993048240308
23;1;4.6000000000000005;0.1;66.5417776628501
24;1;4.800000000000001;0.1;66.50770305904979
25;1;5.0;0.1;32.5668218658688
26;1;5.2;0.1;60.406334539738815
27;1;5.4;0.1;88.36395952626914
28;1;5.6000000000000005;0.1;55.030509866196006
29;1;5.800000000000001;0.1;56.5520769425225
30;1;6.0;0.1;0.6588267609571652
31;1;6.2;0.1;72.81876868405142
32;1;6.4;0.1;85.41446370047142
33;1;6.6000000000000005;0.1;59.64148981897506
34;1;6.800000000000001;0.1;30.086718390363654
35;1;7.0;0.1;62.90513862297954
36;1;7.2;0.1;70.65498927425475
37;1;7.4;0.1;81.6995286105914
38;1;7.6000000000000005;0.1;2.2850317448484647
39;1;7.800000000000001;0.1;90.26459932011677
40;1;8.0;0.1;72.95566832190856
41;1;8.200000000000001;0.1;98.72358777824354
42;1;8.4;0.1;55.7235381623712
43;1;8.6;0.1;75.58297079713059
44;1;8.8;0.1;6.93030977210679
45;1;9.0;0.1;9.227631655220181
46;1;9.200000000000001;0.1;18.03144951865435
47;1;9.4;0.1;50.42479414063319
48;1;9.600000000000001;0.1;22.51019231680409
49;1;9.8;0.1;73.74762938855544
50;1;10.0;0.1;53.81001035021582
0;2;0.0;0.2;55.558607637591564
1;2;0.2;0.2;35.93537672072898
2;2;0.4;0.2;63.865065876949615
3;2;0.6000000000000001;0.2;58.4535024268768
4;2;0.8;0.2;51.596923776548365
5;2;1.0;0.2;34.117354690104825
6;2;1.2000000000000002;0.2;7.334042865940916
7;2;1.4000000000000001;0.2;45.14765096433635
8;2;1.6;0.2;53.35171963793394
9;2;1.8;0.2;4.965826124259543
10;2;2.0;0.2;13.582676474333322
11;2;2.2;0.2;82.56800371780069
12;2;2.4000000000000004;0.2;71.348886264795
13;2;2.6;0.2;41.75273098304066
14;2;2.8000000000000003;0.2;83.00767516916461
15;2;3.0;0.2;12.383331833826682
16;2;3.2;0.2;56.316307216855236
17;2;3.4000000000000004;0.2;82.03050857766004
18;2;3.6;0.2;36.81321172748614
19;2;3.8000000000000003;0.2;98.74131302606413
20;2;4.0;0.2;22.6589785038659
21;2;4.2;0.2;51.321158669332526
22;2;4.4;0.2;38.81040612688881
23;2;4.6000000000000005;0.2;25.6791012384739
24;2;4.800000000000001;0.2;64.86239011714001
25;2;5.0;0.2;57.330884460904066
26;2;5.2;0.2;98.36379093192848
27;2;5.4;0.2;4.291570048057225
28;2;5.6000000000000005;0.2;87.76088015475064
29;2;5.800000000000001;0.2;23.673174662550522
30;2;6.0;0.2;30.29319869650122
31;2;6.2;0.2;60.835632079354106
32;2;6.4;0.2;81.66721646048283
33;2;6.6000000000000005;0.2;64.55570125387969
34;2;6.800000000000001;0.2;24.16078302705663
35;2;7.0;0.2;71.46746287688651
36;2;7.2;0.2;56.69116052954152
37;2;7.4;0.2;90.71629783773356
38;2;7.6000000000000005;0.2;38.05459112121498
39;2;7.800000000000001;0.2;94.8883531561307
40;2;8.0;0.2;11.072350478097903
41;2;8.200000000000001;0.2;77.72761753771007
42;2;8.4;0.2;78.41878231514599
43;2;8.6;0.2;87.71050441695418
44;2;8.8;0.2;95.04562146336309
45;2;9.0;0.2;89.20394437810305
46;2;9.200000000000001;0.2;27.097788446458193
47;2;9.4;0.2;45.41078203025778
48;2;9.600000000000001;0.2;94.8172308276747
49;2;9.8;0.2;74.55806443457337
50;2;10.0;0.2;37.361571676097704
0;3;0.0;0.30000000000000004;45.100607444111574
1;3;0.2;0.30000000000000004;45.74472560385922
2;3;0.4;0.30000000000000004;36.208751779679545
3;3;0.6000000000000001;0.30000000000000004;69.31852459173399
4;3;0.8;0.30000000000000004;64.00231173949467
5;3;1.0;0.30000000000000004;54.50625969177844
6;3;1.2000000000000002;0.30000000000000004;41.19178253050295
7;3;1.4000000000000001;0.30000000000000004;5.118411835096626
8;3;1.6;0.30000000000000004;88.9068418984564
9;3;1.8;0.30000000000000004;11.809421404471642
10;3;2.0;0.30000000000000004;19.3447376549299
11;3;2.2;0.30000000000000004;57.12655553708468
12;3;2.4000000000000004;0.30000000000000004;25.886656855614877
13;3;2.6;0.30000000000000004;62.79026898218548
14;3;2.8000000000000003;0.30000000000000004;12.62111184613055
15;3;3.0;0.30000000000000004;69.80509867836324
16;3;3.2;0.30000000000000004;96.77644377694213
17;3;3.4000000000000004;0.30000000000000004;17.54974182416289
18;3;3.6;0.30000000000000004;95.30764799496977
19;3;3.8000000000000003;0.30000000000000004;24.20954686507478
20;3;4.0;0.30000000000000004;35.22802115179279
21;3;4.2;0.30000000000000004;77.66975177923963
22;3;4.4;0.30000000000000004;33.07906462398799
23;3;4.6000000000000005;0.30000000000000004;7.908474274298472
24;3;4.800000000000001;0.30000000000000004;97.38734158336133
25;3;5.0;0.30000000000000004;11.072332790433482
26;3;5.2;0.30000000000000004;14.813198753771506
27;3;5.4;0.30000000000000004;5.783025437705747
28;3;5.6000000000000005;0.30000000000000004;75.19123311912644
29;3;5.800000000000001;0.30000000000000004;87.43798932883325
30;3;6.0;0.30000000000000004;33.52687282170302
31;3;6.2;0.30000000000000004;43.67919254000272
32;3;6.4;0.30000000000000004;27.90522564830279
33;3;6.6000000000000005;0.30000000000000004;60.57292405918947
34;3;6.800000000000001;0.30000000000000004;21.528964616192336
35;3;7.0;0.30000000000000004;69.5049411538308
36;3;7.2;0.30000000000000004;74.23695289741049
37;3;7.4;0.30000000000000004;96.63290940281311
38;3;7.6000000000000005;0.30000000000000004;66.11409182758926
39;3;7.800000000000001;0.30000000000000004;39.086191817415326
40;3;8.0;0.30000000000000004;23.59147057869674
41;3;8.200000000000001;0.30000000000000004;95.6857269132054
42;3;8.4;0.30000000000000004;17.721150080601934
43;3;8.6;0.30000000000000004;41.35324028828491
44;3;8.8;0.30000000000000004;31.697372226532405
45;3;9.0;0.30000000000000004;50.53267469029853
46;3;9.200000000000001;0.30000000000000004;81.51547151608412
47;3;9.4;0.30000000000000004;19.898904937722772
48;3;9.600000000000001;0.30000000000000004;23.782192080816568
49;3;9.8;0.30000000000000004;81.39303708550206
50;3;10.0;0.30000000000000004;73.54408242626475
0;4;0.0;0.4;80.25836826393834
1;4;0.2;0.4;89.66374338418693
2;4;0.4;0.4;75.22903164423252
3;4;0.6000000000000001;0.4;5.236429667108267
4;4;0.8;0.4;49.457841927898926
5;4;1.0;0.4;90.29869298613795
6;4;1.2000000000000002;0.4;28.6564183608225
7;4;1.4000000000000001;0.4;55.05375685175634
8;4;1.6;0.4;4.826435407327656
9;4;1.8;0.4;62.83775302705021
10;4;2.0;0.4;50.650585601938005
11;4;2.2;0.4;74.44937271026902
12;4;2.4000000000000004;0.4;18.344941072545616
13;4;2.6;0.4;73.35542591872489
14;4;2.8000000000000003;0.4;80.2595424328176
15;4;3.0;0.4;59.8558969950167
16;4;3.2;0.4;66.01295404115474
17;4;3.4000000000000004;0.4;82.57796496845624
18;4;3.6;0.4;3.966178154390476
19;4;3.8000000000000003;0.4;75.60160329154427
20;4;4.0;0.4;87.31446096986856
21;4;4.2;0.4;36.47648198241309
22;4;4.4;0.4;77.77093436833863
23;4;4.6000000000000005;0.4;91.17470208077773
24;4;4.800000000000001;0.4;82.04293182678155
25;4;5.0;0.4;31.058849540999045
26;4;5.2;0.4;9.490288171389272
27;4;5.4;0.4;48.145257299070366
28;4;5.6000000000000005;0.4;45.365073296606276
29;4;5.800000000000001;0.4;7.71014395470524
30;4;6.0;0.4;83.0266038060854
31;4;6.2;0.4;64.55344379305895
32;4;6.4;0.4;93.3549939904845
33;4;6.6000000000000005;0.4;97.26524008071218
34;4;6.800000000000001;0.4;55.180880341185215
35;4;7.0;0.4;21.104256190283444
36;4;7.2;0.4;66.7511543545058
37;4;7.4;0.4;53.8945591058325
38;4;7.6000000000000005;0.4;91.32163312632198
39;4;7.800000000000001;0.4;79.73425917913764
40;4;8.0;0.4;19.881285978394704
41;4;8.200000000000001;0.4;24.005288839459315
42;4;8.4;0.4;40.49541417553964
43;4;8.6;0.4;93.45531394796251
44;4;8.8;0.4;26.42046874240922
45;4;9.0;0.4;59.22398136453195
46;4;9.200000000000001;0.4;37.15341954252517
47;4;9.4;0.4;22.807793413888433
48;4;9.600000000000001;0.4;52.751650377092375
49;4;9.8;0.4;12.745276060312738
50;4;10.0;0.4;21.68659965953178
0;5;0.0;0.5;42.886471019672314
1;5;0.2;0.5;6.471110852886874
2;5;0.4;0.5;96.90101150497533
3;5;0.6000000000000001;0.5;8.343417500717498
4;5;0.8;0.5;79.03859787770928
5;5;1.0;0.5;57.38729163407152
6;5;1.2000000000000002;0.5;77.2467455901247
7;5;1.4000000000000001;0.5;56.99770709017557
8;5;1.6;0.5;48.5735847569174
9;5;1.8;0.5;93.8746087361013
10;5;2.0;0.5;88.11340387358169
11;5;2.2;0.5;8.389927650608808
12;5;2.4000000000000004;0.5;54.862824995836235
13;5;2.6;0.5;73.89699141684503
14;5;2.8000000000000003;0.5;81.98959213315106
15;5;3.0;0.5;5.529462045977307
16;5;3.2;0.5;14.95787914223241
17;5;3.4000000000000004;0.5;17.063262905396858
18;5;3.6;0.5;43.41206154936471
19;5;3.8000000000000003;0.5;47.95789299219129
20;5;4.0;0.5;6.066112466482332
21;5;4.2;0.5;30.830730647155256
22;5;4.4;0.5;62.517209060238976
23;5;4.6000000000000005;0.5;66.36528017784535
24;5;4.800000000000001;0.5;43.25366797029447
25;5;5.0;0.5;32.57043983788358
26;5;5.2;0.5;70.4590670268041
27;5;5.4;0.5;96.93304829634141
28;5;5.6000000000000005;0.5;79.6902781678535
29;5;5.800000000000001;0.5;95.6500622758026
30;5;6.0;0.5;51.0312900066075
31;5;6.2;0.5;60.52149414868521
32;5;6.4;0.5;74.36258944920098
33;5;6.6000000000000005;0.5;2.4020355369541724
34;5;6.800000000000001;0.5;32.87668216810453
35;5;7.0;0.5;23.523730566370226
36;5;7.2;0.5;89.83608585342668
37;5;7.4;0.5;22.453647750842155
38;5;7.6000000000000005;0.5;71.91474422741273
39;5;7.800000000000001;0.5;43.73194003214363
40;5;8.0;0.5;70.81698772710145
41;5;8.200000000000001;0.5;23.11831929647149
42;5;8.4;0.5;92.00512476582074
43;5;8.6;0.5;59.53100021052731
44;5;8.8;0.5;62.963577173134475
45;5;9.0;0.5;8.739366654298319
46;5;9.200000000000001;0.5;78.93169357171487
47;5;9.4;0.5;93.21132197723249
48;5;9.600000000000001;0.5;99.84510757977655
49;5;9.8;0.5;13.288603578034541
50;5;10.0;0.5;65.37379155996672
0;6;0.0;0.6000000000000001;9.297754434585103
1;6;0.2;0.6000000000000001;50.844826083142344
2;6;0.4;0.6000000000000001;9.517167759272171
3;6;0.6000000000000001;0.6000000000000001;80.44846497025124
4;6;0.8;0.6000000000000001;89.52095306136498
5;6;1.0;0.6000000000000001;90.49704446352284
6;6;1.2000000000000002;0.6000000000000001;88.68406748437489
7;6;1.4000000000000001;0.6000000000000001;41.540163634927964
8;6;1.6;0.6000000000000001;6.595531333995885
9;6;1.8;0.6000000000000001;17.83375487221972
10;6;2.0;0.6000000000000001;78.23921327877926
11;6;2.2;0.6000000000000001;48.89135687863872
12;6;2.4000000000000004;0.6000000000000001;2.758438515962336
13;6;2.6;0.6000000000000001;59.8566350052525
14;6;2.8000000000000003;0.6000000000000001;85.89046730958412
15;6;3.0;0.6000000000000001;37.16615457844365
16;6;3.2;0.6000000000000001;32.463934994775514
17;6;3.4000000000000004;0.6000000000000001;38.64489349348029
18;6;3.6;0.6000000000000001;82.07058475491563
19;6;3.8000000000000003;0.6000000000000001;49.865102656287405
20;6;4.0;0.6000000000000001;69.10945061563707
21;6;4.2;0.6000000000000001;59.53359809688865
22;6;4.4;0.6000000000000001;77.62651911516241
23;6;4.6000000000000005;0.6000000000000001;6.327728742566285
24;6;4.800000000000001;0.6000000000000001;12.631213799010443
25;6;5.0;0.6000000000000001;75.4222449655875
26;6;5.2;0.6000000000000001;59.65953392345404
27;6;5.4;0.6000000000000001;12.591530700746901
28;6;5.6000000000000005;0.6000000000000001;17.760556404382854
29;6;5.800000000000001;0.6000000000000001;26.78491471333786
30;6;6.0;0.6000000000000001;78.14421407324959
31;6;6.2;0.6000000000000001;5.461829106156246
32;6;6.4;0.6000000000000001;11.663352542060789
33;6;6.6000000000000005;0.6000000000000001;25.898275786555836
34;6;6.800000000000001;0.6000000000000001;45.97336590558818
35;6;7.0;0.6000000000000001;47.38185691896464
36;6;7.2;0.6000000000000001;2.70154598328769
37;6;7.4;0.6000000000000001;12.46764660102092
38;6;7.6000000000000005;0.6000000000000001;11.004461173586277
39;6;7.800000000000001;0.6000000000000001;56.87392748143145
40;6;8.0;0.6000000000000001;18.09364756282421
41;6;8.200000000000001;0.6000000000000001;89.87467122454126
42;6;8.4;0.6000000000000001;1.662222290956017
43;6;8.6;0.6000000000000001;66.06918379404823
44;6;8.8;0.6000000000000001;72.02158651427678
45;6;9.0;0.6000000000000001;70.87154569275394
46;6;9.200000000000001;0.6000000000000001;90.9705435795259
47;6;9.4;0.6000000000000001;81.0851454528074
48;6;9.600000000000001;0.6000000000000001;60.44058897968018
49;6;9.8;0.6000000000000001;30.012574464726228
50;6;10.0;0.6000000000000001;60.1863759229438
0;7;0.0;0.7000000000000001;13.59006856945003
1;7;0.2;0.7000000000000001;19.481995201334044
2;7;0.4;0.7000000000000001;41.34574480940899
3;7;0.6000000000000001;0.7000000000000001;84.84514611165477
4;7;0.8;0.7000000000000001;76.05211265818704
5;7;1.0;0.7000000000000001;63.25840206336726
6;7;1.2000000000000002;0.7000000000000001;88.47918959098928
7;7;1.4000000000000001;0.7000000000000001;29.747292346176856
8;7;1.6;0.7000000000000001;16.704204261053633
9;7;1.8;0.7000000000000001;15.204041995176642
10;7;2.0;0.7000000000000001;23.508381234282062
11;7;2.2;0.7000000000000001;75.0952849119186
12;7;2.4000000000000004;0.7000000000000001;30.236914876939093
13;7;2.6;0.7000000000000001;3.9614587340494944
14;7;2.8000000000000003;0.7000000000000001;63.710953601462826
15;7;3.0;0.7000000000000001;23.052687701474394
16;7;3.2;0.7000000000000001;44.371172685283554
17;7;3.4000000000000004;0.7000000000000001;24.51573796823666
18;7;3.6;0.7000000000000001;52.94675467800415
19;7;3.8000000000000003;0.7000000000000001;85.81582623510188
20;7;4.0;0.7000000000000001;89.2807718199905
21;7;4.2;0.7000000000000001;21.315741272865917
22;7;4.4;0.7000000000000001;6.535025555684126
23;7;4.6000000000000005;0.7000000000000001;22.651499835567034
24;7;4.800000000000001;0.7000000000000001;87.50957540129127
25;7;5.0;0.7000000000000001;52.73363902192234
26;7;5.2;0.7000000000000001;23.20447607676831
27;7;5.4;0.7000000000000001;1.7571106652814694
28;7;5.6000000000000005;0.7000000000000001;31.322190796942163
29;7;5.800000000000001;0.7000000000000001;81.30265570653617
30;7;6.0;0.7000000000000001;39.647339468390165
31;7;6.2;0.7000000000000001;42.49490715537716
32;7;6.4;0.7000000000000001;97.35941412596065
33;7;6.6000000000000005;0.7000000000000001;52.13544221445417
34;7;6.800000000000001;0.7000000000000001;89.66799185129692
35;7;7.0;0.7000000000000001;3.676555611233867
36;7;7.2;0.7000000000000001;24.060299973243882
37;7;7.4;0.7000000000000001;70.31080151065433
38;7;7.6000000000000005;0.7000000000000001;7.331243699433109
39;7;7.800000000000001;0.7000000000000001;24.75930023299687
40;7;8.0;0.7000000000000001;10.245301370830784
41;7;8.200000000000001;0.7000000000000001;70.14718504295156
42;7;8.4;0.7000000000000001;54.39500791918312
43;7;8.6;0.7000000000000001;7.501059162770341
44;7;8.8;0.7000000000000001;9.0358580973814
45;7;9.0;0.7000000000000001;49.52487533072165
46;7;9.200000000000001;0.7000000000000001;4.201777296295061
47;7;9.4;0.7000000000000001;45.99395149526846
48;7;9.600000000000001;0.7000000000000001;8.168039855889187
49;7;9.8;0.7000000000000001;31.89260191613149
50;7;10.0;0.7000000000000001;61.054491597868335
0;8;0.0;0.8;77.7091486100316
1;8;0.2;0.8;98.47046289832048
2;8;0.4;0.8;47.71115005203506
3;8;0.6000000000000001;0.8;90.91089354063296
4;8;0.8;0.8;33.80707083955752
5;8;1.0;0.8;83.23134983140598
6;8;1.2000000000000002;0.8;3.842326128513218
7;8;1.4000000000000001;0.8;89.52601218900865
8;8;1.6;0.8;81.96439418682976
9;8;1.8;0.8;67.40493241375674
10;8;2.0;0.8;70.3537410904833
11;8;2.2;0.8;94.63268126360875
12;8;2.4000000000000004;0.8;85.8716552349786
13;8;2.6;0.8;67.7138410885249
14;8;2.8000000000000003;0.8;51.83239385067152
15;8;3.0;0.8;0.13817952261256927
16;8;3.2;0.8;45.168386348098636
17;8;3.4000000000000004;0.8;24.287594611233953
18;8;3.6;0.8;22.956200965960516
19;8;3.8000000000000003;0.8;28.315088876252737
20;8;4.0;0.8;40.783183889653515
21;8;4.2;0.8;60.651112722352806
22;8;4.4;0.8;63.07461835403819
23;8;4.6000000000000005;0.8;53.46262344135647
24;8;4.800000000000001;0.8;43.01200988849369
25;8;5.0;0.8;9.852374718587786
26;8;5.2;0.8;94.85467952093131
27;8;5.4;0.8;95.95396243192373
28;8;5.6000000000000005;0.8;74.00849370213626
29;8;5.800000000000001;0.8;2.5135577493621275
30;8;6.0;0.8;99.33176422994879
31;8;6.2;0.8;17.428094734099496
32;8;6.4;0.8;78.40053095170543
33;8;6.6000000000000005;0.8;5.352961899414099
34;8;6.800000000000001;0.8;9.338386535399291
35;8;7.0;0.8;86.85193330941985
36;8;7.2;0.8;92.41216555304374
37;8;7.4;0.8;24.5795538611026
38;8;7.6000000000000005;0.8;8.28308974024109
39;8;7.800000000000001;0.8;23.383938096118793
40;8;8.0;0.8;23.47263971913606
41;8;8.200000000000001;0.8;36.5550012998245
42;8;8.4;0.8;61.30725984709196
43;8;8.6;0.8;5.3073101191671075
44;8;8.8;0.8;31.575001547710237
45;8;9.0;0.8;53.79549121017093
46;8;9.200000000000001;0.8;41.352846288445654
47;8;9.4;0.8;1.3282594960070893
48;8;9.600000000000001;0.8;85.76305408392085
49;8;9.8;0.8;72.24380338723434
50;8;10.0;0.8;41.51632424140106
0;9;0.0;0.9;27.421254795637818
1;9;0.2;0.9;74.07824532951935
2;9;0.4;0.9;78.29199193739164
3;9;0.6000000000000001;0.9;2.183027772887025
4;9;0.8;0.9;64.51099063685065
5;9;1.0;0.9;80.89207578292616
6;9;1.2000000000000002;0.9;62.26246896083259
7;9;1.4000000000000001;0.9;70.77052548475639
8;9;1.6;0.9;42.000982172057924
9;9;1.8;0.9;87.25021101680275
10;9;2.0;0.9;81.13648546428902
11;9;2.2;0.9;76.74033521086808
12;9;2.4000000000000004;0.9;97.63827146749996
13;9;2.6;0.9;38.080431485098266
14;9;2.8000000000000003;0.9;9.804061226202244
15;9;3.0;0.9;64.5487616073794
16;9;3.2;0.9;56.574183807080466
17;9;3.4000000000000004;0.9;17.453373455943233
18;9;3.6;0.9;31.885956588591657
19;9;3.8000000000000003;0.9;68.54474254692538
20;9;4.0;0.9;27.129155382971582
21;9;4.2;0.9;40.03212120162433
22;9;4.4;0.9;3.5303395432654705
23;9;4.6000000000000005;0.9;63.135693144112935
24;9;4.800000000000001;0.9;22.58807721899344
25;9;5.0;0.9;39.74014072365899
26;9;5.2;0.9;19.417822185626544
27;9;5.4;0.9;8.136704967680132
28;9;5.6000000000000005;0.9;0.6558310612843399
29;9;5.800000000000001;0.9;99.54552283288771
30;9;6.0;0.9;11.739477835518908
31;9;6.2;0.9;24.034420125388777
32;9;6.4;0.9;53.90356846137507
33;9;6.6000000000000005;0.9;79.74097222444132
34;9;6.800000000000001;0.9;89.03384333721338
35;9;7.0;0.9;86.34877708258684
36;9;7.2;0.9;39.720424698477096
37;9;7.4;0.9;57.070633449492746
38;9;7.6000000000000005;0.9;89.45355420177144
39;9;7.800000000000001;0.9;76.49294855915105
40;9;8.0;0.9;1.3700841356684812
41;9;8.200000000000001;0.9;86.33193905860325
42;9;8.4;0.9;24.085122083863975
43;9;8.6;0.9;53.07403297731158
44;9;8.8;0.9;30.837083446918168
45;9;9.0;0.9;77.84371773936294
46;9;9.200000000000001;0.9;94.76741770171432
47;9;9.4;0.9;22.35610497126348
48;9;9.600000000000001;0.9;82.82891325517939
49;9;9.8;0.9;76.85615581134554
50;9;10.0;0.9;29.201972347670292
0;10;0.0;1.0;64.06315710963356
1;10;0.2;1.0;69.67958415041024
2;10;0.4;1.0;68.76960922140373
3;10;0.6000000000000001;1.0;46.258748432791975
4;10;0.8;1.0;63.29135602943992
5;10;1.0;1.0;59.916586731782054
6;10;1.2000000000000002;1.0;6.053718628950988
7;10;1.4000000000000001;1.0;29.023716587651126
8;10;1.6;1.0;17.700800502562476
9;10;1.8;1.0;70.6674975994109
10;10;2.0;1.0;15.240124210743488
11;10;2.2;1.0;29.370230214485638
12;10;2.4000000000000004;1.0;25.355370193782576
13;10;2.6;1.0;27.934969689628563
14;10;2.8000000000000003;1.0;36.810237177141005
15;10;3.0;1.0;56.978822496956816
16;10;3.2;1.0;16.993542392190953
17;10;3.4000000000000004;1.0;66.00351597807021
18;10;3.6;1.0;15.476819503034855
19;10;3.8000000000000003;1.0;87.77283133729341
20;10;4.0;1.0;37.34123460607691
21;10;4.2;1.0;6.623365386126889
22;10;4.4;1.0;86.06464306045604
23;10;4.6000000000000005;1.0;44.67492499456173
24;10;4.800000000000001;1.0;64.16654302599993
25;10;5.0;1.0;72.71734788558835
26;10;5.2;1.0;46.234653811945215
27;10;5.4;1.0;73.14244344473025
28;10;5.6000000000000005;1.0;80.44932959209237
29;10;5.800000000000001;1.0;93.34845449527771
30;10;6.0;1.0;34.647293454096776
31;10;6.2;1.0;77.39715634719167
32;10;6.4;1.0;80.15995382411433
33;10;6.6000000000000005;1.0;38.03946494117753
34;10;6.800000000000001;1.0;21.854252020918175
35;10;7.0;1.0;3.1889631090614823
36;10;7.2;1.0;58.8478692997501
37;10;7.4;1.0;83.28779955384051
38;10;7.6000000000000005;1.0;36.493463295267226
39;10;7.800000000000001;1.0;44.413054763123164
40;10;8.0;1.0;34.00722920131678
41;10;8.200000000000001;1.0;63.9482150247469
42;10;8.4;1.0;30.04800490826629
43;10;8.6;1.0;92.13002036430521
44;10;8.8;1.0;16.400440345681833
45;10;9.0;1.0;42.46460802862296
46;10;9.200000000000001;1.0;70.85678884751935
47;10;9.4;1.0;66.31225664370601
48;10;9.600000000000001;1.0;76.0278244940067
49;10;9.8;1.0;81.86280199120884
50;10;10.0;1.0;35.71474333504656
0;11;0.0;1.1;12.313703579510882
1;11;0.2;1.1;82.40551907211886
2;11;0.4;1.1;57.09904323754669
3;11;0.6000000000000001;1.1;79.12858882827422
4;11;0.8;1.1;58.10026192972083
5;11;1.0;1.1;68.52791664195527
6;11;1.2000000000000002;1.1;43.316559505873734
7;11;1.4000000000000001;1.1;87.38130570676418
8;11;1.6;1.1;5.66243466546047
9;11;1.8;1.1;11.187018145914418
10;11;2.0;1.1;64.42731396302847
11;11;2.2;1.1;42.62402885364098
12;11;2.4000000000000004;1.1;98.68512686956568
13;11;2.6;1.1;73.31050882301126
14;11;2.8000000000000003;1.1;21.438544682703487
15;11;3.0;1.1;89.46936620108943
16;11;3.2;1.1;27.243147111503973
17;11;3.4000000000000004;1.1;13.270138827917155
18;11;3.6;1.1;90.23196100462908
19;11;3.8000000000000003;1.1;98.55059627482984
20;11;4.0;1.1;36.46330666067138
21;11;4.2;1.1;19.52009546728548
22;11;4.4;1.1;96.26610016197483
23;11;4.6000000000000005;1.1;83.75139935944325
24;11;4.800000000000001;1.1;87.67584617324874
25;11;5.0;1.1;27.438306911266285
26;11;5.2;1.1;34.31035252262538
27;11;5.4;1.1;46.44878634739628
28;11;5.6000000000000005;1.1;12.255412838869873
29;11;5.800000000000001;1.1;74.81296792100633
30;11;6.0;1.1;52.19385511299775
31;11;6.2;1.1;28.462296620254758
32;11;6.4;1.1;2.0437990868652944
33;11;6.6000000000000005;1.1;50.0831726297289
34;11;6.800000000000001;1.1;34.08562529570149
35;11;7.0;1.1;13.289887302072678
36;11;7.2;1.1;22.917701093981833
37;11;7.4;1.1;20.239118941047973
38;11;7.6000000000000005;1.1;62.04097904775351
39;11;7.800000000000001;1.1;90.25023295548591
40;11;8.0;1.1;18.860724095414028
41;11;8.200000000000001;1.1;65.44895917501803
42;11;8.4;1.1;77.69964870765875
43;11;8.6;1.1;43.702392745371064
44;11;8.8;1.1;17.88388237160329
45;11;9.0;1.1;27.334673094751338
46;11;9.200000000000001;1.1;54.37571592731062
47;11;9.4;1.1;92.44941643908199
48;11;9.600000000000001;1.1;2.1524237488497078
49;11;9.8;1.1;9.723197819906183
50;11;10.0;1.1;34.20614375508578
0;12;0.0;1.2000000000000002;86.78586512387055
1;12;0.2;1.2000000000000002;51.00409234355227
2;12;0.4;1.2000000000000002;33.75283683738603
3;12;0.6000000000000001;1.2000000000000002;76.42190522746571
4;12;0.8;1.2000000000000002;13.941187172083659
5;12;1.0;1.2000000000000002;32.007546498214424
6;12;1.2000000000000002;1.2000000000000002;19.52777070932843
7;12;1.4000000000000001;1.2000000000000002;82.7599824775516
8;12;1.6;1.2000000000000002;41.623751537325404
9;12;1.8;1.2000000000000002;56.85332510471789
10;12;2.0;1.2000000000000002;43.175711426129105
11;12;2.2;1.2000000000000002;50.091945311519396
12;12;2.4000000000000004;1.2000000000000002;60.86825744563464
13;12;2.6;1.2000000000000002;23.98367870648366
14;12;2.8000000000000003;1.2000000000000002;95.16007660029123
15;12;3.0;1.2000000000000002;24.823492237185917
16;12;3.2;1.2000000000000002;88.59830109751363
17;12;3.4000000000000004;1.2000000000000002;39.644523135659405
18;12;3.6;1.2000000000000002;76.16028605872339
19;12;3.8000000000000003;1.2000000000000002;82.27438392355505
20;12;4.0;1.2000000000000002;80.2020027655028
21;12;4.2;1.2000000000000002;28.890283699114672
22;12;4.4;1.2000000000000002;89.71340098283196
23;12;4.6000000000000005;1.2000000000000002;81.73270837646264
24;12;4.800000000000001;1.2000000000000002;8.176248517517282
25;12;5.0;1.2000000000000002;76.66873920911318
26;12;5.2;1.2000000000000002;3.3467398339510845
27;12;5.4;1.2000000000000002;77.48303804111222
28;12;5.6000000000000005;1.2000000000000002;63.152493103420284
29;12;5.800000000000001;1.2000000000000002;18.085983755203916
30;12;6.0;1.2000000000000002;93.39913117631423
31;12;6.2;1.2000000000000002;51.489842425953434
32;12;6.4;1.2000000000000002;65.23407108358437
33;12;6.6000000000000005;1.2000000000000002;44.625269567688505
34;12;6.800000000000001;1.2000000000000002;69.72863765848288
35;12;7.0;1.2000000000000002;43.2026510913969
36;12;7.2;1.2000000000000002;94.85572967742982
37;12;7.4;1.2000000000000002;30.47954119143199
38;12;7.6000000000000005;1.2000000000000002;17.26464398490818
39;12;7.800000000000001;1.2000000000000002;7.110635752979999
40;12;8.0;1.2000000000000002;13.392222456741376
41;12;8.200000000000001;1.2000000000000002;32.99157369034673
42;12;8.4;1.2000000000000002;31.85717056193049
43;12;8.6;1.2000000000000002;46.052070136115034
44;12;8.8;1.2000000000000002;46.73107377965717
45;12;9.0;1.2000000000000002;14.468279925117876
46;12;9.200000000000001;1.2000000000000002;38.05976334676664
47;12;9.4;1.2000000000000002;81.20369586391024
48;12;9.600000000000001;1.2000000000000002;17.880490562748996
49;12;9.8;1.2000000000000002;11.097287211497031
50;12;10.0;1.2000000000000002;96.43482979625813
0;13;0.0;1.3;30.76276578653
1;13;0.2;1.3;83.69456616649342
2;13;0.4;1.3;99.24039334169623
3;13;0.6000000000000001;1.3;67.48171564677683
4;13;0.8;1.3;81.13380911640658
5;13;1.0;1.3;12.51211280300405
6;13;1.2000000000000002;1.3;7.71190147569718
7;13;1.4000000000000001;1.3;84.2517849474283
8;13;1.6;1.3;56.36803116257234
9;13;1.8;1.3;42.09903911046242
10;13;2.0;1.3;76.93585420193682
11;13;2.2;1.3;53.43108352225059
12;13;2.4000000000000004;1.3;78.15441547707098
13;13;2.6;1.3;57.78152223779127
14;13;2.8000000000000003;1.3;55.27173010913087
15;13;3.0;1.3;21.713388666870227
16;13;3.2;1.3;97.34508758827735
17;13;3.4000000000000004;1.3;50.55317104816235
18;13;3.6;1.3;52.973493142336444
19;13;3.8000000000000003;1.3;49.61325322422172
20;13;4.0;1.3;66.885965064274
21;13;4.2;1.3;35.26002020876328
22;13;4.4;1.3;23.3390043786464
23;13;4.6000000000000005;1.3;81.23067575163314
24;13;4.800000000000001;1.3;53.14254631063995
25;13;5.0;1.3;2.7061051370569356
26;13;5.2;1.3;82.98146637626986
27;13;5.4;1.3;99.07483332362936
28;13;5.6000000000000005;1.3;73.81797926998713
29;13;5.800000000000001;1.3;47.40110414129879
30;13;6.0;1.3;22.409282067491866
31;13;6.2;1.3;11.715556116614012
32;13;6.4;1.3;28.874968139766832
33;13;6.6000000000000005;1.3;2.384911853037419
34;13;6.800000000000001;1.3;74.93475485424786
35;13;7.0;1.3;25.73166264615343
36;13;7.2;1.3;89.974818700431
37;13;7.4;1.3;15.486621244140109
38;13;7.6000000000000005;1.3;84.14184816321199
39;13;7.800000000000001;1.3;53.724699247282295
40;13;8.0;1.3;77.22235586948783
41;13;8.200000000000001;1.3;9.46984127984326
42;13;8.4;1.3;4.492879797785299
43;13;8.6;1.3;49.47019938477938
44;13;8.8;1.3;39.013459309243714
45;13;9.0;1.3;60.030718577723576
46;13;9.200000000000001;1.3;43.88812986338378
47;13;9.4;1.3;59.82049783071003
48;13;9.600000000000001;1.3;87.53896441460334
49;13;9.8;1.3;59.53434969152185
50;13;10.0;1.3;32.86530370230519
0;14;0.0;1.4000000000000001;87.58619376792483
1;14;0.2;1.4000000000000001;74.32463644239016
2;14;0.4;1.4000000000000001;63.08034020816279
3;14;0.6000000000000001;1.4000000000000001;60.067369365671055
4;14;0.8;1.4000000000000001;99.59535276179984
5;14;1.0;1.4000000000000001;37.45339188983162
6;14;1.2000000000000002;1.4000000000000001;38.21008546820149
7;14;1.4000000000000001;1.4000000000000001;59.07336841780398
8;14;1.6;1.4000000000000001;76.15063660748392
9;14;1.8;1.4000000000000001;48.2790259626971
10;14;2.0;1.4000000000000001;53.304570968949946
11;14;2.2;1.4000000000000001;71.26521797989157
12;14;2.4000000000000004;1.4000000000000001;91.54013856946511
13;14;2.6;1.4000000000000001;97.43742500290995
14;14;2.8000000000000003;1.4000000000000001;23.732719961082427
15;14;3.0;1.4000000000000001;45.48925604144617
16;14;3.2;1.4000000000000001;45.22311227107145
17;14;3.4000000000000004;1.4000000000000001;59.18650919339423
18;14;3.6;1.4000000000000001;3.366490815871892
19;14;3.8000000000000003;1.4000000000000001;83.88874918460148
20;14;4.0;1.4000000000000001;85.20367567801729
21;14;4.2;1.4000000000000001;10.647120133115262
22;14;4.4;1.4000000000000001;19.86639115436195
23;14;4.6000000000000005;1.4000000000000001;95.24870005770548
24;14;4.800000000000001;1.4000000000000001;2.228943628912894
25;14;5.0;1.4000000000000001;34.83940046271622
26;14;5.2;1.4000000000000001;54.02983009410334
27;14;5.4;1.4000000000000001;91.48956275668891
28;14;5.6000000000000005;1.4000000000000001;76.99471420564518
29;14;5.800000000000001;1.4000000000000001;84.04021014847902
30;14;6.0;1.4000000000000001;21.78988754859811
31;14;6.2;1.4000000000000001;63.45699640333095
32;14;6.4;1.4000000000000001;61.47200093994877
33;14;6.6000000000000005;1.4000000000000001;45.77697187690719
34;14;6.800000000000001;1.4000000000000001;58.95989833355804
35;14;7.0;1.4000000000000001;62.78587305578386
36;14;7.2;1.4000000000000001;44.88663032513607
37;14;7.4;1.4000000000000001;26.54589501888851
38;14;7.6000000000000005;1.4000000000000001;67.59955189027718
39;14;7.800000000000001;1.4000000000000001;15.6541654321539
40;14;8.0;1.4000000000000001;26.051677917305426
41;14;8.200000000000001;1.4000000000000001;91.66257635500791
42;14;8.4;1.4000000000000001;33.76528808507771
43;14;8.6;1.4000000000000001;38.84147602400372
44;14;8.8;1.4000000000000001;29.492080603468096
45;14;9.0;1.4000000000000001;54.26528089031112
46;14;9.200000000000001;1.4000000000000001;25.022261080461348
47;14;9.4;1.4000000000000001;99.7397927622311
48;14;9.600000000000001;1.4000000000000001;36.319527437246336
49;14;9.8;1.4000000000000001;43.50558069687871
50;14;10.0;1.4000000000000001;45.3400738785403
0;15;0.0;1.5;20.90129947728355
1;15;0.2;1.5;32.19012962825474
2;15;0.4;1.5;53.03330460446665
3;15;0.6000000000000001;1.5;7.317013186055499
4;15;0.8;1.5;11.587200039956102
5;15;1.0;1.5;96.77480796125936
6;15;1.2000000000000002;1.5;30.187305345352588
7;15;1.4000000000000001;1.5;61.90431305214765
8;15;1.6;1.5;45.0453803924386
9;15;1.8;1.5;77.007275411041
10;15;2.0;1.5;63.0256576862132
11;15;2.2;1.5;43.43888634972528
12;15;2.4000000000000004;1.5;58.93259711797189
13;15;2.6;1.5;36.09064591564357
14;15;2.8000000000000003;1.5;32.78337643017096
15;15;3.0;1.5;87.62915206387045
16;15;3.2;1.5;50.639013408313396
17;15;3.4000000000000004;1.5;73.98671917666665
18;15;3.6;1.5;66.84325700710001
19;15;3.8000000000000003;1.5;32.56941433990317
20;15;4.0;1.5;25.442827084650244
21;15;4.2;1.5;23.661902239383114
22;15;4.4;1.5;57.40343373869566
23;15;4.6000000000000005;1.5;83.39624090248638
24;15;4.800000000000001;1.5;84.76296480323711
25;15;5.0;1.5;38.66389423768343
26;15;5.2;1.5;47.365269943330766
27;15;5.4;1.5;32.475963731824166
28;15;5.6000000000000005;1.5;58.64322213307411
29;15;5.800000000000001;1.5;71.77841254964538
30;15;6.0;1.5;84.17402131925984
31;15;6.2;1.5;10.932124449400904
32;15;6.4;1.5;73.01187862786162
33;15;6.6000000000000005;1.5;98.36524828004617
34;15;6.800000000000001;1.5;5.463003351113294
35;15;7.0;1.5;82.68226628544545
36;15;7.2;1.5;79.9831432038821
37;15;7.4;1.5;72.31467631158618
38;15;7.6000000000000005;1.5;49.73815674859379
39;15;7.800000000000001;1.5;60.93855890209422
40;15;8.0;1.5;53.912471109773186
41;15;8.200000000000001;1.5;14.205687310510662
42;15;8.4;1.5;44.48679633929391
43;15;8.6;1.5;95.87101344144487
44;15;8.8;1.5;22.085552405932816
45;15;9.0;1.5;41.0054888566072
46;15;9.200000000000001;1.5;21.239582505079724
47;15;9.4;1.5;47.896827448739124
48;15;9.600000000000001;1.5;66.18856069115859
49;15;9.8;1.5;23.476854194299925
50;15;10.0;1.5;34.63262922534468
0;16;0.0;1.6;39.72479979046475
1;16;0.2;1.6;94.600690813847
2;16;0.4;1.6;13.623538357389531
3;16;0.6000000000000001;1.6;96.47708523423229
4;16;0.8;1.6;48.64192574535387
5;16;1.0;1.6;17.551336430878838
6;16;1.2000000000000002;1.6;79.63456764993136
7;16;1.4000000000000001;1.6;69.99686688211479
8;16;1.6;1.6;79.67573810607267
9;16;1.8;1.6;37.64765720278965
10;16;2.0;1.6;76.64149456074489
11;16;2.2;1.6;19.786848084787255
12;16;2.4000000000000004;1.6;93.78044639913014
13;16;2.6;1.6;29.61848051092528
14;16;2.8000000000000003;1.6;72.39196327409468
15;16;3.0;1.6;97.29431341214261
16;16;3.2;1.6;37.439277745412845
17;16;3.4000000000000004;1.6;90.77592727713105
18;16;3.6;1.6;99.98801673431792
19;16;3.8000000000000003;1.6;22.87296103454507
20;16;4.0;1.6;21.08131008652491
21;16;4.2;1.6;54.7551376388439
22;16;4.4;1.6;57.13460895510194
23;16;4.6000000000000005;1.6;59.985351723615445
24;16;4.800000000000001;1.6;48.86460665792751
25;16;5.0;1.6;59.792424733272355
26;16;5.2;1.6;4.723945881999314
27;16;5.4;1.6;31.79046814671983
28;16;5.6000000000000005;1.6;76.0555427068931
29;16;5.800000000000001;1.6;51.593890126984846
30;16;6.0;1.6;96.53106869689678
31;16;6.2;1.6;96.66012294517488
32;16;6.4;1.6;49.40384240365228
33;16;6.6000000000000005;1.6;9.276725509843931
34;16;6.800000000000001;1.6;85.93145983428941
35;16;7.0;1.6;56.1874375845415
36;16;7.2;1.6;9.363289555138998
37;16;7.4;1.6;59.30698581592574
38;16;7.6000000000000005;1.6;25.941098771716533
39;16;7.800000000000001;1.6;79.40025667808736
40;16;8.0;1.6;57.65600695109395
41;16;8.200000000000001;1.6;87.63270841594692
42;16;8.4;1.6;39.66872372593535
43;16;8.6;1.6;48.947711123600754
44;16;8.8;1.6;28.369442953499824
45;16;9.0;1.6;44.49179549900213
46;16;9.200000000000001;1.6;23.66691540526015
47;16;9.4;1.6;12.884059105211742
48;16;9.600000000000001;1.6;43.160605962589784
49;16;9.8;1.6;72.31464012353112
50;16;10.0;1.6;64.68387253237151
0;17;0.0;1.7000000000000002;24.182717089583605
1;17;0.2;1.7000000000000002;30.51726657866134
2;17;0.4;1.7000000000000002;83.34135160758105
3;17;0.6000000000000001;1.7000000000000002;19.501454149141683
4;17;0.8;1.7000000000000002;45.54030887918843
5;17;1.0;1.7000000000000002;84.0331113396719
6;17;1.2000000000000002;1.7000000000000002;50.05100813794465
7;17;1.4000000000000001;1.7000000000000002;59.0128684031688
8;17;1.6;1.7000000000000002;79.65305384698922
9;17;1.8;1.7000000000000002;48.82568194482305
10;17;2.0;1.7000000000000002;37.402561717992086
11;17;2.2;1.7000000000000002;90.19007114696188
12;17;2.4000000000000004;1.7000000000000002;64.25814792409825
13;17;2.6;1.7000000000000002;7.718763592948563
14;17;2.8000000000000003;1.7000000000000002;6.179208697722871
15;17;3.0;1.7000000000000002;80.6586533631119
16;17;3.2;1.7000000000000002;74.3606639884731
17;17;3.4000000000000004;1.7000000000000002;7.244449606891578
18;17;3.6;1.7000000000000002;22.20348048110653
19;17;3.8000000000000003;1.7000000000000002;2.024218223557417
20;17;4.0;1.7000000000000002;96.2058545933769
21;17;4.2;1.7000000000000002;46.49639867025777
22;17;4.4;1.7000000000000002;5.178044788079584
23;17;4.6000000000000005;1.7000000000000002;81.67985488228744
24;17;4.800000000000001;1.7000000000000002;19.331218619740852
25;17;5.0;1.7000000000000002;43.429045909188936
26;17;5.2;1.7000000000000002;60.59636101818073
27;17;5.4;1.7000000000000002;35.658766319519444
28;17;5.6000000000000005;1.7000000000000002;46.88194436004648
29;17;5.800000000000001;1.7000000000000002;81.84642328910573
30;17;6.0;1.7000000000000002;48.84410642251821
31;17;6.2;1.7000000000000002;32.477119521193785
32;17;6.4;1.7000000000000002;34.379349677173856
33;17;6.6000000000000005;1.7000000000000002;51.049711068630934
34;17;6.800000000000001;1.7000000000000002;39.6548643782358
35;17;7.0;1.7000000000000002;13.912730802661077
36;17;7.2;1.7000000000000002;54.78239771021429
37;17;7.4;1.7000000000000002;37.18077828379634
38;17;7.6000000000000005;1.7000000000000002;14.52335983794989
39;17;7.800000000000001;1.7000000000000002;45.72262381368638
40;17;8.0;1.7000000000000002;19.425946020838715
41;17;8.200000000000001;1.7000000000000002;78.29217665814718
42;17;8.4;1.7000000000000002;66.81431513122104
43;17;8.6;1.7000000000000002;53.13666831392039
44;17;8.8;1.7000000000000002;4.204195137842703
45;17;9.0;1.7000000000000002;38.544295768126716
46;17;9.200000000000001;1.7000000000000002;91.31002878265211
47;17;9.4;1.7000000000000002;95.41858717636444
48;17;9.600000000000001;1.7000000000000002;83.53742504473549
49;17;9.8;1.7000000000000002;74.6683586295408
50;17;10.0;1.7000000000000002;62.955424850857646
0;18;0.0;1.8;54.652723133090795
1;18;0.2;1.8;93.55561230257065
2;18;0.4;1.8;40.970179983403575
3;18;0.6000000000000001;1.8;58.85476126184952
4;18;0.8;1.8;87.15161780081549
5;18;1.0;1.8;54.409152374669254
6;18;1.2000000000000002;1.8;51.67924554771876
7;18;1.4000000000000001;1.8;57.284212538141254
8;18;1.6;1.8;38.48199729082313
9;18;1.8;1.8;83.3485692491926
10;18;2.0;1.8;80.44382823020038
11;18;2.2;1.8;16.3749142701916
12;18;2.4000000000000004;1.8;90.45494831115154
13;18;2.6;1.8;41.15435709844731
14;18;2.8000000000000003;1.8;93.97964085552724
15;18;3.0;1.8;44.400877146331275
16;18;3.2;1.8;13.245422548139773
17;18;3.4000000000000004;1.8;27.100737280679066
18;18;3.6;1.8;91.72990003595261
19;18;3.8000000000000003;1.8;67.28690123262837
20;18;4.0;1.8;24.00675337529914
21;18;4.2;1.8;95.97473937483414
22;18;4.4;1.8;71.3843982429238
23;18;4.6000000000000005;1.8;15.03440697313887
24;18;4.800000000000001;1.8;88.46714090154873
25;18;5.0;1.8;21.370197086022568
26;18;5.2;1.8;59.1160396674876
27;18;5.4;1.8;79.38602337366592
28;18;5.6000000000000005;1.8;77.89459251053414
29;18;5.800000000000001;1.8;60.404612686117865
30;18;6.0;1.8;34.1363423632314
31;18;6.2;1.8;75.5381939096989
32;18;6.4;1.8;62.90626360159528
33;18;6.6000000000000005;1.8;22.880709006021615
34;18;6.800000000000001;1.8;82.61249972785012
35;18;7.0;1.8;65.32672886714796
36;18;7.2;1.8;5.354863605654447
37;18;7.4;1.8;49.72524867895628
38;18;7.6000000000000005;1.8;93.58529021648833
39;18;7.800000000000001;1.8;72.97167791418482
40;18;8.0;1.8;88.53229103667041
41;18;8.200000000000001;1.8;46.45036281822053
42;18;8.4;1.8;40.70234976055911
43;18;8.6;1.8;51.6749906322305
44;18;8.8;1.8;48.90074069960999
45;18;9.0;1.8;62.855935632428775
46;18;9.200000000000001;1.8;62.39000618540701
47;18;9.4;1.8;85.31454958605815
48;18;9.600000000000001;1.8;70.51256450598417
49;18;9.8;1.8;70.21960722032652
50;18;10.0;1.8;4.037644320798062
0;19;0.0;1.9000000000000001;19.935411963262695
1;19;0.2;1.9000000000000001;9.065523379764006
2;19;0.4;1.9000000000000001;97.01047508449527
3;19;0.6000000000000001;1.9000000000000001;45.67654844693144
4;19;0.8;1.9000000000000001;68.07452874675435
5;19;1.0;1.9000000000000001;12.051353082420723
6;19;1.2000000000000002;1.9000000000000001;49.08184947646702
7;19;1.4000000000000001;1.9000000000000001;91.60530582774162
8;19;1.6;1.9000000000000001;94.49514762436411
9;19;1.8;1.9000000000000001;25.18436924209113
10;19;2.0;1.9000000000000001;29.25569577622347
11;19;2.2;1.9000000000000001;25.044423253931658
12;19;2.4000000000000004;1.9000000000000001;89.72013417332296
13;19;2.6;1.9000000000000001;52.45470358319032
14;19;2.8000000000000003;1.9000000000000001;42.63096405496212
15;19;3.0;1.9000000000000001;82.23448216162517
16;19;3.2;1.9000000000000001;16.658274817283324
17;19;3.4000000000000004;1.9000000000000001;67.42924682546007
18;19;3.6;1.9000000000000001;41.145123508120484
19;19;3.8000000000000003;1.9000000000000001;61.93259830640844
20;19;4.0;1.9000000000000001;88.94674118789632
21;19;4.2;1.9000000000000001;28.38763700542294
22;19;4.4;1.9000000000000001;51.25334683329509
23;19;4.6000000000000005;1.9000000000000001;83.99659827046644
24;19;4.800000000000001;1.9000000000000001;59.51461178678655
25;19;5.0;1.9000000000000001;95.80017174963949
26;19;5.2;1.9000000000000001;56.038703851018326
27;19;5.4;1.9000000000000001;85.04633848830233
28;19;5.6000000000000005;1.9000000000000001;46.68056575525172
29;19;5.800000000000001;1.9000000000000001;79.3975357438477
30;19;6.0;1.9000000000000001;12.60182607476259
31;19;6.2;1.9000000000000001;44.55182621080511
32;19;6.4;1.9000000000000001;50.225815366384396
33;19;6.6000000000000005;1.9000000000000001;65.68146085940114
34;19;6.800000000000001;1.9000000000000001;49.9229216315076
35;19;7.0;1.9000000000000001;43.28947462623485
36;19;7.2;1.9000000000000001;71.88164441740665
37;19;7.4;1.9000000000000001;15.885387529491501
38;19;7.6000000000000005;1.9000000000000001;81.62119615565226
39;19;7.800000000000001;1.9000000000000001;17.420857033641745
40;19;8.0;1.9000000000000001;26.550536416382442
41;19;8.200000000000001;1.9000000000000001;31.481291132074183
42;19;8.4;1.9000000000000001;35.792011529353715
43;19;8.6;1.9000000000000001;42.5006257884731
44;19;8.8;1.9000000000000001;39.505421076346735
45;19;9.0;1.9000000000000001;19.841597728552973
46;19;9.200000000000001;1.9000000000000001;63.65821888156843
47;19;9.4;1.9000000000000001;45.44635734568124
48;19;9.600000000000001;1.9000000000000001;40.50159917862912
49;19;9.8;1.9000000000000001;79.1035253489345
50;19;10.0;1.9000000000000001;36.05228707565803
0;20;0.0;2.0;72.94531768780715
1;20;0.2;2.0;84.7184375999712
2;20;0.4;2.0;78.53749112522193
3;20;0.6000000000000001;2.0;44.84757888397253
4;20;0.8;2.0;47.3851804397482
5;20;1.0;2.0;97.86345277039403
6;20;1.2000000000000002;2.0;62.60364790206307
7;20;1.4000000000000001;2.0;56.63428268018804
8;20;1.6;2.0;84.73186052308381
9;20;1.8;2.0;78.91766824996941
10;20;2.0;2.0;17.328370773581657
11;20;2.2;2.0;33.143712282280305
12;20;2.4000000000000004;2.0;78.65523384981519
13;20;2.6;2.0;5.988691845470573
14;20;2.8000000000000003;2.0;20.741352840045202
15;20;3.0;2.0;5.252147967419097
16;20;3.2;2.0;43.93531597959718
17;20;3.4000000000000004;2.0;13.053585648113353
18;20;3.6;2.0;4.573025988655088
19;20;3.8000000000000003;2.0;10.887354521482706
20;20;4.0;2.0;8.634847499322317
21;20;4.2;2.0;3.293772799592476
22;20;4.4;2.0;31.741750425292004
23;20;4.6000000000000005;2.0;97.90840250288754
24;20;4.800000000000001;2.0;13.52135116673886
25;20;5.0;2.0;9.907842101733799
26;20;5.2;2.0;74.8142640575502
27;20;5.4;2.0;41.772916796699135
28;20;5.6000000000000005;2.0;1.7645916338037027
29;20;5.800000000000001;2.0;5.673683614053626
30;20;6.0;2.0;72.27298750977425
31;20;6.2;2.0;49.38777333308272
32;20;6.4;2.0;65.49631680175919
33;20;6.6000000000000005;2.0;87.84669930760394
34;20;6.800000000000001;2.0;17.625492661392606
35;20;7.0;2.0;30.408167423620146
36;20;7.2;2.0;77.15914619609654
37;20;7.4;2.0;48.896426114903534
38;20;7.6000000000000005;2.0;61.34047737691326
39;20;7.800000000000001;2.0;65.13374441810987
40;20;8.0;2.0;42.828773417713464
41;20;8.200000000000001;2.0;90.16569437636626
42;20;8.4;2.0;58.66145181424627
43;20;8.6;2.0;36.839660224160795
44;20;8.8;2.0;19.23009507246477
45;20;9.0;2.0;86.50014035407035
46;20;9.200000000000001;2.0;63.29730386043624
47;20;9.4;2.0;15.885526731216547
48;20;9.600000000000001;2.0;88.07162270858775
49;20;9.8;2.0;34.90063577904945
50;20;10.0;2.0;2.0437078899746552
0;21;0.0;2.1;79.48662164759752
1;21;0.2;2.1;11.67847645375143
2;21;0.4;2.1;91.91641821014952
3;21;0.6000000000000001;2.1;87.03300629631813
4;21;0.8;2.1;2.2197003554649597
5;21;1.0;2.1;14.842675407319305
6;21;1.2000000000000002;2.1;35.21909320923356
7;21;1.4000000000000001;2.1;38.83363091990485
8;21;1.6;2.1;0.042985645766169256
9;21;1.8;2.1;63.04862031057347
10;21;2.0;2.1;65.93012084212296
11;21;2.2;2.1;2.2778008061775656
12;21;2.4000000000000004;2.1;63.67241570923792
13;21;2.6;2.1;71.612014838497
14;21;2.8000000000000003;2.1;65.19060770541026
15;21;3.0;2.1;29.620674720448083
16;21;3.2;2.1;25.325376109809582
17;21;3.4000000000000004;2.1;83.56037009792256
18;21;3.6;2.1;2.635723660995559
19;21;3.8000000000000003;2.1;79.05158236001824
20;21;4.0;2.1;53.98331295143093
21;21;4.2;2.1;0.4754566120862225
22;21;4.4;2.1;9.969608497793047
23;21;4.6000000000000005;2.1;74.59157963568825
24;21;4.800000000000001;2.1;0.8298157161582664
25;21;5.0;2.1;26.122954086000995
26;21;5.2;2.1;91.9478281251513
27;21;5.4;2.1;85.80045473153115
28;21;5.6000000000000005;2.1;13.637996926333907
29;21;5.800000000000001;2.1;67.77200773723774
30;21;6.0;2.1;30.35712625039475
31;21;6.2;2.1;71.71468258013758
32;21;6.4;2.1;98.8850675819134
33;21;6.6000000000000005;2.1;10.51641763639023
34;21;6.800000000000001;2.1;7.564141641744815
35;21;7.0;2.1;2.764993208445421
36;21;7.2;2.1;25.90757210777639
37;21;7.4;2.1;85.0170608188918
38;21;7.6000000000000005;2.1;92.38034294714348
39;21;7.800000000000001;2.1;37.43406516322645
40;21;8.0;2.1;13.273474170564503
41;21;8.200000000000001;2.1;18.146364783456114
42;21;8.4;2.1;38.844074644315405
43;21;8.6;2.1;79.09536383209634
44;21;8.8;2.1;51.56637434528879
45;21;9.0;2.1;98.14078186175183
46;21;9.200000000000001;2.1;42.155350010984506
47;21;9.4;2.1;26.228616246074754
48;21;9.600000000000001;2.1;97.77523261904653
49;21;9.8;2.1;28.450891524385312
50;21;10.0;2.1;54.93190805683579
0;22;0.0;2.2;58.63573117954625
1;22;0.2;2.2;19.28746547155701
2;22;0.4;2.2;27.070579824604447
3;22;0.6000000000000001;2.2;20.957708668338338
4;22;0.8;2.2;78.47310362496603
5;22;1.0;2.2;49.98002257660029
6;22;1.2000000000000002;2.2;95.11097278723226
7;22;1.4000000000000001;2.2;66.64000730476928
8;22;1.6;2.2;14.32402737993057
9;22;1.8;2.2;17.28908592658379
10;22;2.0;2.2;95.6623754130098
11;22;2.2;2.2;4.849677436543498
12;22;2.4000000000000004;2.2;49.15185229456039
13;22;2.6;2.2;90.76954585875986
14;22;2.8000000000000003;2.2;34.76416216186679
15;22;3.0;2.2;10.720418968850897
16;22;3.2;2.2;60.90089488795981
17;22;3.4000000000000004;2.2;65.35342481342697
18;22;3.6;2.2;83.76583744936258
19;22;3.8000000000000003;2.2;98.79649320111564
20;22;4.0;2.2;42.27563330631769
21;22;4.2;2.2;9.280236676646691
22;22;4.4;2.2;46.063630252352226
23;22;4.6000000000000005;2.2;22.317802219636995
24;22;4.800000000000001;2.2;69.8075571925008
25;22;5.0;2.2;62.743747716482666
26;22;5.2;2.2;9.756933537904866
27;22;5.4;2.2;34.22643645820547
28;22;5.6000000000000005;2.2;39.666251158373946
29;22;5.800000000000001;2.2;40.50674973747913
30;22;6.0;2.2;43.46430705027197
31;22;6.2;2.2;65.71776847560452
32;22;6.4;2.2;60.856957541229164
33;22;6.6000000000000005;2.2;55.47593992859726
34;22;6.800000000000001;2.2;37.942873772481946
35;22;7.0;2.2;92.13723379650929
36;22;7.2;2.2;90.51566180350274
37;22;7.4;2.2;84.5004181162369
38;22;7.6000000000000005;2.2;96.94226595158575
39;22;7.800000000000001;2.2;99.93992166769719
40;22;8.0;2.2;67.00084130386476
